Symbol,Name
IVV,iShares Core S&P 500 ETF
AGG,iShares Core U.S. Aggregate Bond ETF
IJH,iShares Core S&P Mid-Cap ETF
IEFA,iShares Core MSCI EAFE ETF
IEMG,iShares Core MSCI Emerging Markets ETF
LQD,iShares iBoxx $ Investment Grade Corporate Bond ETF
IJR,iShares Core S&P Small-Cap ETF
TIP,iShares TIPS Bond ETF
IVW,iShares S&P 500 Growth ETF
EWJ,iShares MSCI Japan ETF
PFF,iShares U.S. Preferred Stock ETF
HYG,iShares iBoxx $ High Yield Corporate Bond ETF
IVE,iShares S&P 500 Value ETF
USMV,iShares Edge MSCI Min Vol USA ETF
ITOT,iShares Core S&P Total U.S. Stock Market ETF
EMB,iShares J.P. Morgan USD Emerging Markets Bond ETF
MBB,iShares MBS Bond ETF
SHY,iShares 1-3 Year Treasury Bond ETF
SCZ,iShares MSCI EAFE Small-Cap ETF
MUB,iShares National AMT-Free Muni Bond ETF
ACWI,iShares MSCI ACWI ETF
IXUS,iShares Core MSCI Total International Stock ETF
EFAV,iShares Edge MSCI Min Vol EAFE ETF
SHV,iShares Short Treasury Bond ETF
IEF,iShares 7-10 Year Treasury Bond ETF
IJK,iShares S&P MidCap 400 Growth ETF
TLT,iShares 20+ Year Treasury Bond ETF
IEI,iShares 3-7 Year Treasury Bond ETF
HDV,iShares Core High Dividend ETF
FLOT,iShares Floating Rate Bond ETF
EFV,iShares MSCI EAFE Value ETF
IJJ,iShares S&P MidCap 400 Value ETF
IJS,iShares S&P SmallCap 600 Value ETF
GOVT,iShares U.S. Treasury Bond ETF
IJT,iShares S&P SmallCap 600 Growth ETF
IDV,iShares International Select Dividend ETF
AAXJ,iShares MSCI All Country Asia ex-Japan ETF
EEMV,iShares Edge MSCI Min Vol Emerging Markets ETF
SHYG,iShares 0-5 Year High Yield Corporate Bond ETF
ACWV,iShares Edge MSCI Min Vol Global ETF
IUSG,iShares Core S&P U.S. Growth ETF
EFG,iShares MSCI EAFE Growth ETF
IUSV,iShares Core S&P U.S. Value ETF
IEV,iShares Europe ETF
MCHI,iShares MSCI China ETF
IEUR,iShares Core MSCI Europe ETF
DGRO,iShares Core Dividend Growth ETF
GVI,iShares Intermediate Government/Credit Bond ETF
IUSB,iShares Core Total USD Bond Market ETF
ONEQ,Fidelity NASDAQ Composite Index Track
SUB,iShares S&P Short Term National AMT-Free Bond ETF
ILF,iShares Latin American 40 ETF
STIP,iShares 0-5 Year TIPS Bond ETF
FTEC,Fidelity MSCI Information Technology Index ETF
ISTB,iShares Core 1-5 Year USD Bond ETF
INDY,iShares India 50 ETF
FNCL,Fidelity MSCI Financials Index ETF
FHLC,Fidelity MSCI Health Care Index ETF
IPAC,iShares Core MSCI Pacific ETF
IWC,iShares Microcap ETF
IGOV,iShares International Treasury Bond ETF
CMF,iShares California Muni Bond ETF
FM,iShares MSCI Frontier 100 ETF
SLQD,iShares 0-5 Year Investment Grade Corporate Bond ETF
IAGG,iShares Core International Aggregate Bond ETF
IFGL,iShares International Developed Real Estate ETF
FENY,Fidelity MSCI Energy Index ETF
AGZ,iShares Agency Bond ETF
FIDU,Fidelity MSCI Industrials Index ETF
FREL,Fidelity MSCI Real Estate Index ETF
DVYE,iShares Emerging Markets Dividend ETF
FDIS,Fidelity MSCI Consumer Discretionary Index ETF
FBND,Fidelity Total Bond ETF
RING,iShares MSCI Global Gold Miners ETF
FSTA,Fidelity MSCI Consumer Staples Index ETF
FUTY,Fidelity MSCI Utilities Index ETF
NYF,iShares New York AMT-Free Muni Bond ETF
EEMS,iShares MSCI Emerging Markets Small-Cap ETF
FMAT,Fidelity MSCI Materials Index ETF
ILTB,iShares Core 10+ Year USD Bond ETF
FDRR,Fidelity Dividend ETF for Rising Rates
GNMA,iShares GNMA Bond ETF
FCOM,Fidelity MSCI Telecommunication Services Index ETF
FLTB,Fidelity Limited Term Bond ETF
FDVV,Fidelity High Dividend ETF
FCOR,Fidelity Corporate Bond ETF
FVAL,Fidelity Value Factor ETF
SLVP,iShares MSCI Global Silver Miners ETF
FDMO,Fidelity Momentum Factor ETF
FQAL,Fidelity Quality Factor ETF
FDLO,Fidelity Low Volatility Factor ETF
